jid,Race,Gender
3419,White,Female
1,White,Male
2,White,Male
3,White,Male
4,White,Male
5,White,Male
6,Non-White,Male
7,White,Male
8,White,Male
9,White,Male
10,White,Male
11,White,Male
12,Non-White,Male
2989,White,Male
3295,White,Male
2717,White,Male
13,White,Male
14,White,Male
9374881,Non-White,Male
2927,White,Male
3174,White,Male
15,Non-White,Male
2750,White,Female
16,White,Male
17,White,Male
18,White,Male
19,Non-White,Male
5198506,White,Male
20,White,Male
21,White,Male
22,White,Female
23,White,Male
24,White,Male
25,White,Male
26,White,Male
3373,Non-White,Female
27,White,Male
28,White,Female
29,White,Male
30,White,Male
31,White,Male
32,White,Male
2705,White,Male
3576,Non-White,Male
33,White,Male
34,White,Male
6586021,Non-White,Male
2827,White,Male
35,White,Male
6244926,Non-White,Male
2997,Non-White,Female
3080,Non-White,Female
36,White,Male
2850,White,Male
37,White,Female
38,White,Male
39,White,Female
40,White,Male
41,White,Male
42,White,Male
43,White,Male
44,White,Male
45,White,Male
46,White,Male
47,White,Male
2928,Non-White,Male
49,White,Male
48,White,Male
3173,White,Male
50,White,Male
51,White,Male
2691,White,Male
3402,White,Male
3188,White,Male
52,White,Male
12802356,Non-White,Female
2857,White,Male
3197,White,Male
54,White,Male
55,White,Male
56,White,Male
57,White,Male
58,White,Male
3190,Non-White,Female
6385001,Non-White,Male
3568,White,Female
2898,Non-White,Female
59,Non-White,Female
60,White,Male
61,White,Male
62,White,Male
63,White,Male
64,White,Male
65,White,Male
66,White,Female
5153446,White,Male
67,White,Male
9359861,White,Male
68,White,Male
3244,White,Male
69,White,Female
70,White,Male
71,White,Male
72,White,Male
2949,Non-White,Male
73,White,Male
4738061,White,Female
3161,White,Female
3577,White,Female
74,White,Male
3459,White,Male
8368391,White,Male
6202901,White,Female
75,White,Male
3141,White,Male
76,White,Male
77,Non-White,Female
78,White,Male
79,White,Male
80,White,Male
3427,White,Female
6841726,White,Male
5152936,White,Male
81,White,Male
82,White,Male
83,White,Male
84,White,Male
85,White,Male
86,White,Male
87,White,Male
88,White,Male
89,White,Male
90,White,Male
3329,White,Male
6595046,White,Male
2808,White,Male
91,White,Male
92,White,Male
93,White,Male
6379986,White,Male
6594531,White,Female
94,White,Female
95,White,Male
96,White,Female
97,White,Male
98,White,Male
7465661,White,Male
99,White,Male
100,White,Male
101,White,Male
102,White,Male
103,White,Male
104,White,Male
3478,White,Male
3235,White,Male
105,White,Male
3979311,White,Female
106,White,Male
3110,White,Male
107,White,Male
3540,White,Male
108,White,Male
109,White,Female
110,White,Male
111,White,Male
112,White,Male
3198,White,Female
3524,White,Female
113,White,Male
114,White,Male
3525,White,Male
115,White,Male
2718,White,Male
116,White,Female
2909,White,Male
3360,White,Male
2858,White,Female
3102,White,Male
117,White,Male
118,White,Male
119,White,Male
120,Non-White,Female
121,White,Male
122,White,Male
123,White,Male
124,White,Male
5153456,White,Female
2941,White,Male
125,White,Male
3036,Non-White,Male
126,White,Male
127,White,Male
128,White,Male
9210651,White,Male
129,White,Male
130,White,Male
131,White,Male
132,Non-White,Male
133,White,Male
5018781,White,Male
134,White,Male
135,White,Male
136,White,Male
137,White,Male
11226136,White,Female
138,White,Female
3297,White,Male
139,White,Male
140,White,Male
141,White,Male
142,White,Male
3569,Non-White,Female
143,White,Male
12910976,White,Female
2924,White,Male
144,White,Male
145,White,Male
146,White,Male
6489616,White,Male
147,White,Male
148,White,Male
149,White,Male
150,White,Male
151,White,Male
152,White,Male
153,Non-White,Male
3411,White,Female
154,White,Male
3066,Non-White,Male
13233251,Non-White,Female
3588,Non-White,Male
155,White,Male
4908101,White,Male
156,White,Male
2996,White,Male
157,White,Male
158,White,Male
160,White,Male
3070,White,Male
3448,White,Male
3223,Non-White,Female
6801611,White,Female
2791,White,Male
3450,Non-White,Male
161,White,Female
162,White,Male
2856,White,Female
3130,Non-White,Male
163,White,Male
164,White,Male
3095,White,Male
3989731,White,Male
165,White,Male
166,White,Male
167,White,Male
168,White,Male
169,White,Male
170,White,Male
3578,Non-White,Female
171,White,Male
172,White,Male
173,White,Male
174,White,Male
175,White,Male
176,White,Male
3556,Non-White,Male
177,White,Female
178,White,Male
3396,Non-White,Female
179,White,Male
180,White,Male
181,White,Male
182,White,Male
183,White,Male
184,White,Female
3259,White,Male
185,White,Male
2922,White,Male
186,White,Female
3234,White,Male
187,White,Male
12916001,Non-White,Male
188,White,Male
189,White,Male
190,White,Female
3579,White,Male
3330,White,Male
191,White,Male
192,White,Male
193,White,Male
194,White,Male
195,White,Male
196,White,Male
197,White,Male
3552,White,Female
198,White,Male
8895341,White,Male
10300021,White,Female
199,White,Male
3363,White,Male
200,White,Male
201,White,Male
3199,White,Male
202,White,Male
203,White,Male
204,White,Male
3570,Non-White,Male
205,White,Male
2884,White,Female
206,White,Male
207,White,Male
208,White,Male
209,White,Male
210,White,Male
211,White,Male
4444651,White,Female
3274,White,Male
212,White,Male
213,White,Male
214,White,Male
215,White,Male
216,White,Male
217,White,Male
218,White,Male
3580,White,Male
6595551,White,Male
3546,Non-White,Male
219,White,Male
220,White,Male
2899,White,Female
221,White,Male
222,White,Male
223,White,Male
224,White,Male
225,White,Male
226,White,Male
227,White,Male
3082,White,Male
228,White,Male
229,White,Male
3067,White,Female
230,White,Male
231,White,Female
232,White,Male
233,White,Male
234,White,Male
3012,White,Male
235,White,Male
236,White,Male
237,White,Male
238,White,Male
6278456,White,Female
2859,White,Male
239,White,Male
240,Non-White,Male
4237586,White,Female
241,White,Male
3455,White,Male
5153461,White,Female
6383991,White,Male
242,White,Male
243,White,Male
244,White,Male
245,White,Male
246,White,Male
3335,White,Male
2987,White,Male
247,White,Male
11442236,White,Female
4602991,White,Male
248,White,Male
249,White,Male
6729576,White,Male
250,White,Male
251,White,Male
252,White,Male
253,White,Male
254,White,Male
2719,White,Male
255,White,Male
3367,White,Male
256,White,Male
257,White,Male
258,White,Male
259,White,Male
260,White,Male
3191,White,Male
261,White,Female
262,Non-White,Male
263,White,Female
264,White,Male
265,White,Male
5375096,White,Female
266,White,Male
267,White,Male
268,White,Male
269,White,Male
3488,Non-White,Male
270,White,Male
3413,Non-White,Female
271,White,Female
272,White,Male
273,White,Male
274,White,Male
275,White,Male
276,White,Male
3509,White,Male
4477666,White,Male
277,White,Male
278,White,Male
279,White,Male
7049261,Non-White,Female
280,White,Male
2840,White,Female
281,White,Male
282,White,Male
3495,Non-White,Female
283,White,Male
7545476,White,Male
3303,White,Male
284,White,Male
3088,Non-White,Female
6840201,White,Male
285,White,Male
4028216,White,Male
286,White,Male
3387,Non-White,Female
287,White,Male
288,White,Male
289,White,Male
3023,White,Male
290,White,Male
291,White,Male
3490,White,Male
292,White,Male
293,White,Male
294,White,Male
295,White,Male
296,White,Male
297,White,Male
298,White,Male
299,White,Male
300,White,Male
301,White,Male
302,White,Male
303,White,Male
3144,Non-White,Female
304,Non-White,Male
305,White,Male
306,White,Male
307,White,Male
2838,White,Female
308,White,Female
309,White,Male
310,White,Female
311,White,Male
312,White,Male
6801616,White,Male
313,White,Male
314,White,Male
315,White,Male
7499211,Non-White,Male
3116,White,Female
316,White,Male
2919,White,Male
317,White,Male
318,Non-White,Male
319,White,Male
320,Non-White,Male
3096,White,Male
321,White,Male
5373561,White,Male
322,White,Male
323,White,Female
324,White,Male
3033,White,Male
325,White,Male
326,White,Male
327,White,Male
328,Non-White,Male
329,Non-White,Male
3581,White,Female
330,White,Male
331,White,Male
2925,White,Male
3114866,White,Male
332,White,Male
333,White,Male
334,White,Male
335,White,Male
336,White,Male
2787,White,Male
337,White,Male
2981,White,Male
2852,White,Male
338,White,Male
339,White,Male
341,White,Male
340,White,Male
342,White,Male
3550,White,Male
343,White,Male
344,Non-White,Male
345,White,Male
346,White,Male
347,White,Male
348,White,Male
349,Non-White,Male
350,White,Male
351,White,Male
6631566,White,Male
3386,White,Male
9280736,White,Male
352,White,Male
13268821,White,Male
353,White,Male
354,White,Male
2894,White,Female
355,White,Male
356,White,Male
3002,Non-White,Female
357,White,Male
11690376,Non-White,Female
358,White,Male
359,White,Male
360,White,Male
3011,White,Male
3236,White,Male
361,White,Male
362,White,Male
363,White,Male
364,White,Male
365,White,Male
366,White,Female
367,White,Male
368,White,Male
4027846,White,Male
369,Non-White,Male
370,White,Male
2692,Non-White,Male
371,White,Male
9188596,Non-White,Female
372,White,Male
3487,White,Female
2720,White,Male
373,White,Male
3018,Non-White,Female
374,White,Male
375,White,Male
3200,White,Male
377,White,Male
378,White,Female
2994,White,Male
3375,White,Female
379,White,Male
380,White,Male
381,White,Male
382,White,Male
383,White,Male
384,White,Male
7883206,Non-White,Female
385,White,Male
386,White,Male
4625001,White,Male
387,White,Male
3406,Non-White,Male
2792,White,Male
389,White,Male
390,White,Male
391,White,Male
392,Non-White,Male
393,White,Male
394,Non-White,Male
3237,White,Male
2721,White,Male
395,White,Male
3340,Non-White,Female
2940,White,Male
396,White,Male
397,White,Male
3029,White,Male
398,Non-White,Male
399,White,Male
11732411,White,Female
400,White,Male
401,White,Female
402,White,Female
403,White,Male
2880,White,Male
2890,White,Male
3376,White,Female
404,White,Male
405,White,Male
406,White,Female
407,White,Male
2950,White,Male
408,Non-White,Female
3107,White,Male
409,White,Male
2722,White,Male
410,White,Male
3342,Non-White,Male
411,White,Male
3475,White,Female
412,White,Female
413,White,Male
414,White,Male
415,White,Male
417,White,Male
416,White,Male
3372,Non-White,Male
3460,Non-White,Female
3486,Non-White,Male
2714,White,Male
3003,White,Male
2963,White,Male
418,White,Female
419,White,Male
3510,Non-White,Male
3290,Non-White,Female
420,White,Male
421,Non-White,Male
422,White,Male
423,White,Male
424,White,Male
425,White,Male
426,Non-White,Male
3409,White,Female
427,White,Male
428,White,Male
3408,White,Male
429,White,Male
3528,Non-White,Male
11695891,Non-White,Male
13257261,Non-White,Female
430,White,Male
3543,Non-White,Female
431,White,Male
432,White,Male
2780,White,Male
433,White,Male
434,White,Male
435,White,Male
436,White,Male
437,White,Male
438,White,Male
439,White,Male
440,White,Male
441,White,Male
2960,White,Male
442,White,Male
6489106,White,Male
443,White,Male
444,White,Male
445,White,Male
446,White,Male
447,White,Male
448,White,Male
449,White,Male
2723,Non-White,Male
450,White,Male
451,White,Male
452,White,Male
453,White,Male
454,White,Female
455,Non-White,Male
456,White,Male
457,Non-White,Male
458,White,Male
459,White,Male
460,White,Male
2942,White,Male
3298,White,Female
461,Non-White,Male
462,White,Male
10929791,Non-White,Female
463,White,Male
464,White,Male
465,White,Male
466,White,Male
467,White,Female
468,White,Male
3111,White,Male
3362,White,Male
4020796,White,Male
3564,White,Male
469,White,Male
470,White,Male
471,White,Male
3019,White,Male
472,White,Male
7465651,White,Male
473,Non-White,Male
3299,White,Male
474,White,Male
475,White,Male
3288,Non-White,Female
476,White,Male
477,White,Male
478,Non-White,Male
479,White,Male
480,Non-White,Female
6480596,White,Male
3238,White,Male
2781,Non-White,Male
481,Non-White,Male
482,White,Male
3024,White,Male
2976,White,Female
483,White,Male
7545466,White,Male
484,White,Male
485,White,Male
486,White,Male
487,White,Male
488,White,Male
489,White,Male
490,White,Male
3232,White,Male
491,White,Female
492,White,Male
493,White,Male
494,White,Male
2943,White,Male
496,White,Male
5018791,White,Male
497,White,Male
495,White,Male
3031,White,Male
3085,White,Male
2951,White,Female
498,White,Male
499,White,Male
3420,Non-White,Male
500,White,Female
501,White,Male
3008,White,Male
2998,White,Female
502,White,Male
503,Non-White,Male
3053,Non-White,Female
504,White,Male
3516,Non-White,Male
505,Non-White,Male
2845,White,Female
506,White,Male
507,White,Male
1831,White,Female
508,White,Male
509,White,Male
510,White,Male
511,Non-White,Male
6770606,White,Male
11662361,White,Female
2952,White,Male
512,White,Male
3425,White,Male
513,White,Male
514,White,Female
515,White,Male
516,White,Male
4028221,White,Male
517,White,Male
518,White,Male
3077,Non-White,Female
519,White,Male
2700,White,Male
520,White,Male
521,White,Male
522,White,Male
523,White,Male
524,White,Male
3117,White,Male
525,White,Male
526,White,Male
528,White,Male
527,White,Male
529,White,Male
530,White,Female
3522,White,Male
531,White,Male
2813,White,Male
2926,Non-White,Male
532,White,Male
533,White,Male
3553,White,Male
534,White,Male
2706,White,Male
3603,Non-White,Male
535,White,Male
536,White,Male
8695161,White,Male
3037,White,Female
537,White,Male
3083,White,Male
9214156,White,Male
538,White,Male
539,White,Male
9354851,White,Female
540,White,Male
8869816,White,Male
541,White,Male
542,White,Male
10376611,Non-White,Female
3443,Non-White,Male
543,White,Male
544,White,Male
545,White,Female
546,White,Male
547,White,Male
548,White,Male
549,White,Male
550,White,Male
551,White,Male
552,White,Male
3365,White,Female
553,White,Male
3318,White,Male
3369,White,Male
554,White,Male
555,White,Male
556,White,Male
2724,White,Male
557,White,Male
558,White,Male
559,Non-White,Male
2854,Non-White,Male
560,White,Male
561,White,Male
2881,White,Male
3381,White,Female
562,White,Male
563,White,Female
564,White,Male
565,White,Male
566,White,Male
567,White,Male
568,White,Male
569,White,Male
3356,Non-White,Male
570,Non-White,Male
571,White,Male
3502,Non-White,Male
572,White,Male
573,White,Male
574,White,Male
575,White,Male
576,White,Male
3265,White,Male
577,White,Male
578,White,Male
3268,White,Male
2929,Non-White,Male
2939,White,Male
3175,White,Male
579,Non-White,Male
2701,White,Male
7545481,Non-White,Female
580,White,Male
581,White,Male
583,White,Male
582,White,Male
584,White,Male
585,White,Male
9354856,Non-White,Male
2860,White,Male
2762,White,Male
586,White,Male
587,White,Male
588,White,Male
589,White,Male
12145571,Non-White,Female
3319,White,Male
591,White,Male
592,Non-White,Male
3597,Non-White,Female
593,White,Male
594,White,Male
595,White,Male
596,White,Male
3155,White,Male
3558,White,Male
3260,White,Male
597,White,Male
598,White,Male
599,White,Male
3507,Non-White,Male
3103,Non-White,Female
600,White,Male
590,White,Male
601,White,Male
602,White,Male
603,White,Male
604,White,Male
605,White,Male
3013,White,Male
12484631,Non-White,Female
606,White,Male
3086,White,Male
607,White,Male
608,White,Male
609,White,Male
610,White,Male
3064,White,Male
3341,Non-White,Male
3201,White,Male
612,White,Male
613,White,Male
3472,White,Female
614,White,Male
615,White,Male
616,White,Male
617,White,Male
618,White,Male
619,White,Male
620,White,Male
3582,White,Female
621,White,Male
2768,White,Male
11226656,White,Female
622,White,Female
623,White,Male
7544441,White,Female
624,White,Male
625,White,Female
626,White,Male
627,White,Male
628,White,Female
6273446,White,Male
629,Non-White,Male
630,White,Male
631,Non-White,Female
3505,White,Male
3296,White,Female
3595,White,Female
632,White,Male
633,White,Male
634,White,Male
635,White,Male
5197981,White,Female
636,White,Male
637,White,Male
2953,White,Male
3485,White,Female
638,White,Male
639,White,Male
4273111,White,Male
12942526,Non-White,Female
640,White,Male
641,White,Male
3164,White,Male
642,White,Male
3449,White,Male
643,White,Male
3239,White,Male
644,White,Male
645,White,Male
3441,Non-White,Male
3240,White,Male
646,White,Male
647,White,Male
2995,White,Male
648,White,Male
2725,White,Male
3594,White,Male
649,White,Male
650,White,Male
3421,Non-White,Female
651,White,Male
652,White,Male
653,White,Male
3097,White,Female
2817,White,Male
654,White,Male
655,White,Male
3062,White,Male
656,White,Male
657,White,Male
658,White,Male
8900356,Non-White,Male
659,White,Male
660,White,Male
661,White,Male
3015,Non-White,Female
662,White,Male
663,Non-White,Male
4517676,White,Male
664,White,Male
665,White,Male
2818,White,Male
666,White,Male
667,White,Male
668,White,Male
3269,White,Male
3453,White,Male
669,White,Male
670,White,Male
671,White,Male
672,White,Male
673,White,Male
674,White,Male
675,White,Male
676,White,Male
2861,White,Male
2896,White,Female
3336,White,Female
677,White,Male
678,White,Male
679,White,Male
3202,White,Male
680,White,Male
3601,White,Female
681,White,Male
682,White,Male
683,White,Male
684,White,Male
685,White,Male
686,White,Male
687,White,Male
688,White,Male
689,White,Male
690,White,Female
691,White,Male
692,Non-White,Male
693,White,Male
694,White,Male
695,White,Male
696,White,Male
3989726,White,Female
697,White,Male
3301,White,Male
698,White,Male
699,White,Male
700,White,Male
11201341,White,Female
701,White,Male
702,White,Male
3491,Non-White,Female
703,White,Male
704,White,Male
2822,White,Male
705,White,Male
3159,White,Female
706,White,Male
707,White,Male
708,White,Male
2903,White,Male
3380,White,Male
2944,Non-White,Male
709,White,Male
710,White,Male
711,White,Male
2933,White,Female
2983,White,Male
712,White,Male
713,White,Male
714,White,Male
715,White,Male
716,Non-White,Male
717,White,Male
7223866,White,Male
718,White,Male
719,White,Male
10719696,Non-White,Male
720,White,Male
721,White,Male
722,White,Male
723,White,Female
724,White,Male
725,White,Male
3302,White,Male
2707,White,Male
726,White,Male
727,White,Male
728,White,Male
729,White,Male
730,White,Male
3461,White,Female
3133,White,Female
731,White,Male
732,White,Male
733,White,Male
734,White,Male
735,White,Male
736,White,Male
737,Non-White,Male
738,White,Female
739,White,Male
740,White,Male
2823,White,Male
741,White,Male
742,White,Male
3287,White,Male
743,White,Male
744,White,Male
745,White,Male
746,Non-White,Male
747,Non-White,Male
748,Non-White,Male
3026,White,Female
749,White,Male
750,White,Male
751,White,Male
3042,White,Male
3049,White,Male
752,White,Male
753,White,Male
754,White,Male
755,White,Male
756,White,Male
3045,White,Female
3304,White,Male
3136,White,Female
757,White,Male
758,White,Male
3047,White,Male
759,White,Male
760,White,Male
761,White,Male
2834,White,Male
762,White,Male
3417,White,Male
763,White,Male
2815,White,Male
764,White,Male
765,White,Male
3016,White,Female
766,White,Male
767,White,Male
3280,White,Female
11442241,Non-White,Male
768,White,Female
2789,White,Male
3030,White,Male
769,White,Male
2757,White,Male
770,White,Male
771,White,Male
772,White,Male
773,White,Male
774,White,Male
775,Non-White,Male
3281,White,Female
776,White,Male
777,White,Male
3203,White,Male
779,White,Male
780,White,Male
781,White,Male
7328941,White,Female
3395,White,Female
782,White,Male
783,White,Male
784,White,Male
785,White,Male
3438,Non-White,Male
786,White,Male
787,White,Male
788,White,Male
2793,White,Male
789,White,Male
790,White,Male
791,White,Male
792,White,Male
793,White,Male
794,White,Male
795,White,Male
796,White,Male
12588691,Non-White,Female
3506,White,Female
797,White,Male
798,White,Male
3254,White,Female
799,White,Male
3521,White,Female
800,White,Male
2704,White,Male
2726,White,Male
2708,White,Male
801,White,Male
4022586,White,Female
802,White,Male
11226131,Non-White,Female
2900,White,Male
3134,White,Male
2985,White,Male
803,White,Female
2855,Non-White,Male
804,White,Male
2975,White,Male
805,White,Male
806,White,Male
807,White,Male
3412,White,Male
808,Non-White,Male
809,White,Male
810,White,Male
811,White,Male
812,Non-White,Male
2727,White,Male
7544446,White,Male
7049781,White,Female
813,White,Male
814,White,Male
2862,White,Male
815,White,Male
816,Non-White,Male
817,Non-White,Male
13261776,Non-White,Male
818,Non-White,Male
3389,Non-White,Female
2874,Non-White,Male
3183,White,Male
819,White,Male
2961,White,Male
3563,Non-White,Female
820,White,Male
11871476,Non-White,Female
821,White,Male
3327,White,Male
822,White,Male
823,White,Male
824,White,Male
825,White,Male
826,Non-White,Male
827,Non-White,Male
828,White,Male
829,White,Female
830,White,Male
831,White,Male
3549,Non-White,Male
3228,Non-White,Female
832,White,Male
833,White,Male
3124,Non-White,Male
834,White,Male
3452,White,Male
11732406,White,Female
3292,White,Male
3410,White,Male
835,White,Male
836,White,Female
837,White,Female
838,White,Male
839,White,Male
840,White,Female
841,White,Male
842,White,Male
843,White,Male
844,White,Male
845,White,Female
3338,White,Male
846,Non-White,Male
847,White,Male
848,White,Male
849,White,Male
850,White,Male
3032,White,Male
851,White,Male
852,Non-White,Male
853,White,Male
854,White,Male
855,White,Male
3241,White,Male
856,White,Male
857,Non-White,Male
10929801,Non-White,Female
858,White,Male
859,White,Male
860,Non-White,Male
3583,Non-White,Male
861,White,Female
2728,White,Male
862,White,Male
863,Non-White,Female
3407,White,Male
864,White,Male
865,White,Female
866,White,Male
3403,White,Female
867,White,Male
868,White,Male
869,White,Male
870,White,Male
2945,White,Male
871,White,Male
872,White,Male
873,White,Male
874,White,Male
2729,White,Male
875,White,Male
876,White,Male
3193,White,Male
3204,White,Male
3112,White,Male
878,White,Male
3284,White,Male
3483,Non-White,Male
11695886,Non-White,Male
879,Non-White,Female
880,Non-White,Male
881,White,Male
882,White,Male
883,White,Male
5153441,White,Male
884,White,Male
885,White,Male
886,White,Male
3463,White,Male
887,White,Male
888,White,Male
889,White,Male
3205,White,Male
890,White,Male
891,White,Male
892,White,Male
3125,White,Male
893,White,Male
894,White,Female
895,White,Male
2846,White,Male
896,White,Male
2758,White,Female
897,White,Male
898,Non-White,Male
899,White,Male
3243,White,Male
3325,White,Male
2916,White,Female
5014276,White,Female
900,White,Male
4025236,White,Male
901,White,Male
3355,Non-White,Male
902,White,Male
903,White,Male
904,White,Male
905,White,Male
906,White,Male
907,Non-White,Male
908,White,Male
909,White,Female
910,White,Female
3242,White,Male
911,Non-White,Male
912,White,Male
913,White,Male
914,White,Male
3004,White,Male
2888,Non-White,Male
915,White,Male
916,White,Male
917,White,Male
2930,White,Male
918,White,Male
3089,White,Male
3090,White,Male
919,White,Male
10270716,Non-White,Female
920,White,Male
7049561,Non-White,Male
3445,White,Male
2920,White,Male
3416,White,Female
921,White,Male
922,White,Male
923,White,Male
3605,Non-White,Female
924,White,Male
925,White,Male
3054,White,Male
3426,Non-White,Male
926,White,Male
6631571,White,Male
3122,White,Male
927,White,Male
928,White,Male
3051,Non-White,Male
8869821,Non-White,Female
929,White,Male
930,White,Male
3132,Non-White,Male
931,White,Male
2841,Non-White,Male
2730,White,Male
932,White,Female
2889,White,Male
933,White,Male
934,White,Male
935,Non-White,Male
936,White,Male
937,White,Male
938,White,Male
939,White,Male
940,White,Male
941,White,Male
3493,White,Female
7049256,White,Female
942,White,Male
943,White,Male
3571,White,Male
944,White,Female
945,White,Male
3171,White,Male
2731,White,Female
946,White,Male
947,White,Male
948,White,Male
3073,White,Male
949,White,Male
950,White,Male
951,White,Male
952,White,Female
953,White,Male
7815641,White,Male
954,White,Male
955,White,Male
956,White,Male
957,White,Male
958,White,Male
959,White,Female
2863,Non-White,Female
960,White,Male
961,White,Male
962,White,Male
963,White,Male
964,White,Male
965,White,Male
966,White,Male
2931,White,Male
12352111,White,Female
967,White,Male
968,White,Male
3589,Non-White,Male
5375106,White,Male
969,White,Male
970,White,Male
971,White,Male
972,White,Male
973,White,Male
974,White,Male
3044,White,Male
975,White,Male
8648136,White,Male
976,Non-White,Male
977,White,Male
979,White,Male
980,White,Female
2689,White,Male
981,White,Male
3517,White,Male
982,White,Male
983,White,Male
984,White,Male
985,White,Male
3559,White,Female
986,White,Male
987,White,Male
988,White,Male
989,White,Male
990,White,Male
991,White,Male
2904,White,Male
992,White,Male
993,White,Male
994,White,Male
3072,White,Male
995,Non-White,Male
996,Non-White,Male
997,White,Male
998,White,Male
999,Non-White,Male
3322,White,Male
1000,White,Male
1001,Non-White,Male
1002,White,Male
1003,White,Male
1004,White,Male
1005,White,Male
1006,White,Male
3245,White,Male
2732,White,Female
1007,White,Male
3039,White,Male
3169,White,Female
2843,Non-White,Male
1008,White,Male
1009,White,Male
1010,White,Male
3529,Non-White,Male
1011,White,Male
1012,White,Male
1013,White,Male
1014,White,Male
1015,White,Male
1016,White,Male
1017,White,Male
2905,White,Male
1018,White,Male
2710,Non-White,Male
8307871,White,Male
2794,White,Male
3433,White,Male
1019,White,Male
1020,White,Male
1021,White,Male
2693,White,Male
1022,White,Male
1023,White,Female
1024,Non-White,Male
1025,White,Male
3542,White,Female
6831671,White,Male
1026,White,Male
1027,White,Male
1028,White,Male
1029,White,Male
1030,White,Male
1031,White,Male
1032,White,Male
3352,Non-White,Male
2795,White,Male
3058,Non-White,Female
1033,White,Male
10959846,White,Male
2820,Non-White,Male
1034,White,Male
1035,White,Male
3394,White,Female
1036,White,Male
2901,White,Male
2999,White,Male
1037,White,Male
1038,White,Male
1039,Non-White,Male
1040,White,Male
1041,White,Male
3400,White,Male
1042,White,Male
1043,White,Male
1044,White,Male
1045,White,Male
1046,White,Male
1047,White,Male
1049,White,Male
3118,White,Male
3432,White,Male
1050,White,Male
1051,White,Male
1052,White,Male
8938396,White,Male
1053,White,Male
1054,Non-White,Male
1055,White,Male
1056,White,Male
1057,White,Male
4025386,Non-White,Male
1058,White,Male
1059,White,Male
2842,White,Female
12911481,Non-White,Female
1060,White,Male
1061,White,Male
1062,White,Male
1063,White,Male
1064,White,Male
1065,White,Male
1066,White,Male
1067,White,Male
1068,White,Male
1069,White,Male
8898346,White,Male
1070,White,Male
1071,White,Male
1072,White,Male
1073,White,Male
1074,White,Male
1075,White,Male
3343,White,Female
1076,White,Male
1077,White,Male
1078,White,Male
1079,White,Male
1080,White,Male
1081,White,Male
3128,Non-White,Male
3076,White,Male
1082,White,Male
3353,White,Male
1083,White,Male
1084,White,Male
1085,White,Male
1086,White,Male
3027,White,Male
3224,Non-White,Female
1087,Non-White,Female
1088,White,Male
1089,White,Male
1090,White,Male
1091,White,Male
12917506,Non-White,Male
1092,White,Male
3059,White,Female
1093,White,Male
1094,White,Male
5197971,White,Female
3398,White,Male
1095,White,Male
1096,Non-White,Male
1097,White,Male
1098,White,Male
1099,White,Male
1100,White,Male
3040,Non-White,Male
2966,White,Male
1101,White,Male
2715,White,Male
1102,Non-White,Male
2932,White,Male
1103,Non-White,Male
1104,White,Male
3138,Non-White,Female
1105,White,Male
1106,White,Male
3349,White,Female
1107,White,Male
3246,White,Male
3306,White,Male
3247,White,Male
1108,Non-White,Male
2875,White,Male
2954,White,Male
1109,White,Male
1110,White,Female
7465656,White,Male
1111,White,Female
1112,White,Male
1113,White,Male
3270,White,Male
1114,White,Male
1115,White,Male
1116,White,Female
3489,White,Male
12082561,Non-White,Male
1117,White,Male
1118,White,Male
1119,White,Female
1120,White,Male
3536,Non-White,Female
1121,White,Male
1122,White,Male
1123,White,Male
2713,White,Male
1124,White,Male
2864,White,Male
1125,White,Male
3264,White,Male
1126,White,Male
1127,White,Male
1128,White,Male
1129,White,Male
1130,White,Male
1131,White,Male
1132,White,Male
2839,White,Male
1133,White,Male
1134,White,Male
3434,White,Male
1135,White,Male
1136,White,Male
1137,White,Male
1138,Non-White,Male
2848,White,Female
1139,White,Male
1140,White,Male
1141,White,Male
1142,White,Male
3121,White,Female
1143,White,Female
6839681,White,Female
1144,White,Male
1145,White,Male
1146,White,Male
1147,White,Male
1148,White,Male
1149,White,Male
1150,White,Male
3075,Non-White,Female
1151,White,Male
1152,White,Male
2733,Non-White,Male
1153,White,Male
1154,White,Female
3364,White,Female
3283,Non-White,Male
1155,Non-White,Female
1156,White,Male
1157,White,Male
1158,White,Male
3320,White,Male
3464,Non-White,Female
1159,Non-White,Male
3382,White,Male
1160,White,Male
1161,White,Male
10300101,Non-White,Female
1162,White,Male
1163,White,Male
1164,White,Male
2782,White,Male
1165,White,Male
1166,White,Male
8869811,Non-White,Female
3139,White,Male
1167,White,Male
1168,White,Male
1169,White,Male
1170,White,Male
13258771,Non-White,Female
2734,Non-White,Male
1171,White,Male
4477671,White,Female
1172,White,Male
1173,White,Male
1174,White,Male
1175,White,Male
1176,White,Male
1177,White,Male
1178,White,Male
1179,White,Male
1180,White,Male
1181,White,Male
2788,White,Female
3321,White,Male
1182,White,Male
9210646,White,Female
3317,White,Male
1183,Non-White,Female
1184,White,Male
1185,Non-White,Male
1186,White,Male
1187,White,Male
1188,White,Male
2910,White,Male
8905371,White,Male
3104,White,Male
1189,White,Male
1190,White,Male
1191,White,Male
1192,White,Female
7544951,Non-White,Male
3192,Non-White,Male
1193,White,Male
1194,White,Female
1195,White,Male
1196,White,Male
1197,White,Male
2946,White,Male
3272,White,Male
1198,White,Male
1199,Non-White,Male
1200,Non-White,Male
1201,Non-White,Male
1202,White,Male
3160,Non-White,Male
3041,White,Male
1203,White,Male
1204,White,Female
3358,Non-White,Male
1205,White,Male
1206,White,Male
1207,White,Male
1208,White,Male
1209,White,Male
3152,White,Male
2831,Non-White,Male
3126,White,Male
2974,White,Male
1210,White,Male
6834676,White,Male
2923,White,Female
8653141,White,Male
1211,White,Male
1212,Non-White,Male
1213,White,Male
1214,White,Male
1215,White,Male
1216,White,Male
5373566,White,Male
2990,White,Male
5197976,White,Male
1217,White,Male
6631056,White,Male
1218,White,Male
3289,White,Female
1219,White,Male
1220,White,Male
3225,Non-White,Male
1221,White,Male
1222,White,Male
1223,White,Male
1224,White,Male
2796,White,Female
1225,White,Male
3146,White,Male
1226,White,Male
3057,White,Male
1227,White,Male
2703,Non-White,Male
4022736,White,Male
1228,White,Male
1229,White,Male
3606,White,Male
2828,White,Male
2735,White,Male
1230,White,Male
1231,White,Male
1232,White,Male
3114,White,Male
1233,White,Male
3458,White,Male
3176,White,Male
1234,White,Male
1235,White,Male
3572,White,Male
1236,Non-White,Female
1237,White,Male
3307,White,Male
1238,White,Female
1239,White,Male
3231,White,Female
1240,White,Male
1241,White,Female
1242,White,Male
1243,White,Male
1244,Non-White,Male
1245,White,Male
1246,White,Male
1247,White,Male
1248,White,Male
10719691,Non-White,Female
3069,White,Male
3479,White,Female
1249,White,Male
3471,White,Female
2783,White,Male
1250,White,Male
1251,White,Male
1252,White,Male
3687506,White,Male
3098,White,Female
1254,White,Male
1253,White,Male
1255,White,Male
1256,White,Male
1257,White,Female
1258,White,Male
2736,Non-White,Male
1259,White,Male
2821,White,Male
1260,White,Male
5375101,White,Male
1261,White,Male
1262,White,Male
1263,White,Male
1264,White,Male
1265,White,Male
1267,White,Male
1266,White,Male
5374586,White,Male
1268,White,Male
1269,White,Male
1270,White,Female
1271,White,Male
3593,White,Female
3179,White,Male
1272,White,Male
1273,White,Male
1274,White,Male
1275,White,Male
1277,White,Male
1278,White,Male
2812,White,Male
2737,White,Male
3308,White,Male
7815626,White,Male
1279,White,Male
1963,White,Female
2769,White,Male
1280,Non-White,Male
1281,White,Male
10824736,Non-White,Female
2790,White,Male
1282,Non-White,Male
2971,White,Male
1283,White,Male
1284,White,Male
1285,White,Male
1286,White,Male
1287,White,Male
9353346,White,Male
1288,White,Male
1289,White,Male
2970,White,Male
5374581,White,Male
1290,White,Male
1291,White,Male
1292,White,Male
1293,White,Male
1294,White,Male
1295,White,Male
9175581,White,Male
7815636,White,Male
1296,White,Male
1297,White,Male
1298,White,Male
1299,White,Male
1300,White,Male
1301,White,Male
1302,White,Male
3344,Non-White,Female
5675191,White,Male
1303,White,Male
1304,White,Male
1305,White,Male
3279,Non-White,Female
1306,White,Male
1307,White,Female
7460631,White,Male
1308,White,Male
1309,White,Male
1310,White,Male
1311,White,Male
1312,White,Male
1313,White,Female
7223861,White,Female
1314,White,Male
1315,White,Male
1316,White,Female
3554,White,Female
1317,White,Female
3005,White,Male
1318,White,Male
1319,White,Male
1320,White,Male
2914,White,Female
3368,White,Male
1321,White,Male
2977,White,Male
11226141,Non-White,Female
3388,Non-White,Male
1322,White,Male
3267,White,Male
1323,White,Male
1339,Non-White,Male
1324,White,Male
1325,White,Male
1326,White,Male
1327,Non-White,Male
7395471,Non-White,Female
1328,White,Male
1329,White,Male
1330,White,Male
1331,White,Male
1332,White,Male
1333,White,Male
1334,White,Male
1335,Non-White,Male
2911,White,Male
3206,White,Male
1337,White,Male
1338,White,Male
3313,White,Male
1340,White,Male
3222,White,Male
1341,White,Male
1342,White,Male
5197986,White,Male
3167,White,Male
1343,White,Male
1344,White,Male
1345,White,Male
3984221,White,Female
1346,White,Male
3105,White,Male
1347,White,Male
2797,White,Male
1348,White,Male
3544,White,Female
1349,White,Female
1350,White,Male
1351,White,Male
1352,White,Male
3309,White,Male
1353,White,Male
3181,White,Male
1354,White,Male
2865,White,Male
1355,White,Male
1356,White,Male
1357,White,Male
2738,White,Male
2694,White,Male
1358,White,Male
1359,White,Male
1360,White,Male
1361,White,Male
1362,White,Male
1363,White,Male
1364,White,Male
1365,White,Male
1366,White,Male
1367,White,Male
10534666,Non-White,Female
2809,Non-White,Male
3428,Non-White,Male
6453086,Non-White,Male
1368,White,Male
1369,White,Male
1370,White,Male
3574,White,Male
2882,White,Female
159,White,Male
1371,White,Male
1372,White,Male
6731091,White,Male
1373,Non-White,Male
2965,White,Male
1374,White,Male
1375,White,Male
3512,White,Male
2763,Non-White,Male
1376,White,Male
1377,White,Male
1378,White,Female
1379,White,Female
3312,White,Male
2921,White,Male
1380,White,Male
1381,White,Male
1382,White,Male
1383,White,Male
1384,White,Male
1385,White,Male
1386,White,Male
1387,White,Male
1388,White,Male
1389,White,Male
3526,White,Male
3513,White,Female
1390,Non-White,Male
1391,White,Male
3435,White,Female
1392,White,Male
1393,White,Male
1394,Non-White,Male
1395,White,Male
6830641,White,Male
1396,White,Male
1397,White,Male
7545471,White,Male
1398,White,Male
3177,White,Male
10904781,Non-White,Female
2978,Non-White,Male
1399,White,Male
1400,White,Male
1401,White,Male
1402,Non-White,Male
2756,Non-White,Male
1403,White,Male
2853,White,Male
3140,White,Female
2764,White,Male
3523,White,Female
1404,White,Female
1405,White,Male
3266,White,Male
1406,White,Male
1407,White,Male
3147,White,Female
1408,White,Male
12261091,White,Male
1409,White,Male
1410,White,Male
1411,White,Male
1412,White,Male
3534,Non-White,Male
3345,Non-White,Male
1413,White,Male
1414,White,Male
1415,White,Male
1416,White,Male
1417,White,Male
11225616,Non-White,Female
1418,White,Male
1419,White,Male
1420,White,Male
2835,White,Male
3262,White,Male
1421,White,Male
1422,White,Male
1423,White,Male
1424,White,Male
1425,White,Male
1426,White,Male
1427,Non-White,Female
1428,White,Male
1429,White,Male
1431,White,Male
1430,White,Male
1432,Non-White,Male
1433,White,Male
1434,Non-White,Male
7390466,White,Male
3119,White,Male
8864776,White,Male
1435,White,Male
1436,White,Male
1437,White,Male
1438,White,Male
1439,White,Male
1440,White,Male
1441,White,Male
1442,White,Male
1443,White,Male
1444,White,Male
7470671,White,Female
1445,White,Male
1446,White,Male
2866,White,Male
1447,White,Female
1448,White,Male
2849,White,Female
1449,White,Male
1450,White,Male
1451,White,Male
1452,White,Male
1453,White,Male
1454,White,Male
1455,White,Male
1456,White,Male
1457,White,Male
3248,White,Male
1458,White,Male
1459,White,Male
1460,White,Male
3278,White,Female
1461,White,Male
1462,White,Male
1463,White,Male
2915,White,Male
1464,White,Male
1465,White,Male
1466,White,Male
1467,White,Male
12282101,Non-White,Female
3207,White,Male
3153,White,Male
1468,White,Male
8307866,White,Female
1469,White,Male
2798,White,Female
1470,White,Male
1471,Non-White,Female
3456,White,Male
1472,White,Male
1473,White,Male
1474,White,Female
1475,White,Male
2739,Non-White,Male
1476,White,Male
1477,White,Male
3397,White,Male
1478,White,Male
1479,White,Male
5018796,White,Female
1480,White,Male
1481,White,Male
1482,Non-White,Male
3537,Non-White,Female
2955,White,Male
2836,Non-White,Male
1483,White,Male
1484,White,Male
1485,Non-White,Female
3256,White,Male
2814,White,Male
1486,White,Male
1487,White,Male
1488,White,Male
1489,Non-White,Male
7543931,White,Female
1490,White,Male
2876,White,Female
1491,White,Male
1492,White,Male
3305,White,Male
1493,White,Male
1494,White,Male
1495,White,Male
1496,White,Male
1497,White,Male
2956,Non-White,Male
2917,Non-White,Male
3060,Non-White,Male
3348,Non-White,Male
2964,White,Male
3608,White,Male
2912,White,Male
1498,White,Male
1499,White,Male
1500,White,Male
3541,White,Male
6130381,White,Male
1501,White,Male
3351,White,Male
1502,White,Male
12588661,Non-White,Male
1503,White,Male
1504,White,Male
3184,Non-White,Female
1505,White,Male
1506,White,Female
1507,White,Male
3092,White,Male
2775,White,Male
3162,White,Female
1508,White,Male
1509,White,Male
3562,White,Female
1510,White,Male
1511,White,Male
2934,White,Male
6594536,White,Male
3584,White,Male
1512,White,Male
1513,White,Male
1514,White,Male
1516,White,Male
1517,White,Male
1518,White,Male
3499,White,Female
1519,White,Male
1520,White,Male
1521,White,Male
1522,White,Male
1523,White,Male
1524,White,Male
1525,White,Male
1526,White,Male
3323,White,Male
1527,White,Male
1528,White,Male
1529,White,Male
1530,White,Male
1531,White,Male
3371,White,Male
2980,White,Male
1532,White,Male
1533,White,Male
1534,White,Male
1535,White,Male
1536,White,Male
1537,Non-White,Male
1538,White,Male
1539,White,Male
2765,White,Male
1540,Non-White,Male
1541,White,Male
1542,White,Male
1543,White,Male
1544,Non-White,Female
3598,White,Male
1545,White,Male
1546,White,Male
7049776,White,Female
1547,White,Male
1548,White,Male
3975196,White,Male
7539421,White,Male
1549,White,Male
1550,White,Male
1551,White,Male
1552,White,Male
8900361,White,Male
1553,White,Male
1554,White,Male
1555,White,Male
1556,White,Male
1557,White,Male
3511,White,Female
3518,White,Male
1558,White,Male
1559,White,Male
1560,White,Male
1561,White,Male
1562,White,Male
1563,Non-White,Male
1564,White,Male
1565,White,Male
1566,White,Male
1567,White,Male
1568,White,Male
2761,White,Female
1569,White,Male
1570,White,Male
1571,White,Male
1572,White,Male
1573,White,Male
3022,White,Male
1574,White,Male
1575,White,Male
1576,White,Male
1577,White,Male
1578,White,Female
2867,White,Female
1579,White,Male
1580,White,Male
1581,White,Male
1582,White,Male
2799,White,Female
1583,White,Male
1584,White,Male
1585,White,Male
1586,White,Male
1587,Non-White,Male
1588,White,Male
1589,White,Male
1590,White,Male
1591,White,Male
1592,White,Male
1593,White,Male
1594,White,Male
9280216,White,Male
1595,White,Male
1596,White,Male
3439,White,Male
1597,White,Male
1598,White,Male
1599,White,Male
1600,White,Male
1601,White,Male
1602,White,Male
3476,White,Male
2958,White,Male
1603,White,Male
1604,White,Male
1605,White,Male
1606,White,Male
1607,White,Male
1608,White,Male
1609,White,Male
1610,White,Male
1611,White,Male
1612,White,Male
1613,White,Male
3585,Non-White,Male
1614,White,Male
3195,White,Male
1615,White,Male
1616,White,Male
1617,White,Male
7365461,White,Male
1618,White,Male
3172,Non-White,Male
13258766,Non-White,Female
3551,Non-White,Male
3547,Non-White,Male
11226646,White,Female
1619,White,Male
1620,White,Male
1621,White,Male
1622,White,Male
1623,White,Male
10826741,White,Female
1624,White,Male
1625,White,Male
1626,White,Male
1627,White,Male
1628,White,Male
1629,White,Male
1630,White,Male
3503,White,Male
1631,White,Male
1632,White,Male
1633,White,Male
3514,White,Female
1634,White,Male
1635,White,Male
2770,Non-White,Male
1636,White,Male
2741,White,Male
1637,White,Male
1638,White,Male
3392,White,Female
1639,White,Male
1640,White,Male
1641,Non-White,Female
1642,White,Male
1643,White,Male
3170,Non-White,Male
6063776,White,Male
3108,White,Male
1644,White,Male
1645,White,Male
2742,White,Male
1646,White,Male
1647,White,Male
1648,White,Male
1649,White,Male
1650,White,Male
1651,White,Male
1652,White,Male
1653,White,Male
1654,White,Male
3496,White,Female
3271,White,Male
2902,White,Male
1655,White,Male
3000,White,Female
1656,White,Male
1657,White,Male
1658,White,Male
1659,White,Male
1660,White,Male
1661,White,Male
1662,White,Male
9219166,White,Female
1663,White,Male
1664,White,Male
3310,Non-White,Male
1665,White,Male
2784,Non-White,Female
1666,White,Male
1667,White,Male
3021,Non-White,Male
12588656,White,Female
11690371,Non-White,Female
1668,White,Female
1669,White,Male
3300,White,Male
12941021,Non-White,Female
1670,White,Male
3504,White,Male
2877,White,Male
1671,White,Male
1672,White,Male
2743,White,Male
1673,White,Male
1674,White,Male
1675,White,Male
1676,White,Male
1677,White,Female
1678,White,Male
3129,White,Female
1679,White,Male
3465,Non-White,Male
1680,White,Male
5152931,Non-White,Male
1682,White,Male
6278461,Non-White,Male
1683,White,Male
2800,White,Male
2751,Non-White,Male
1684,Non-White,Male
1685,White,Male
1686,White,Male
1687,White,Male
1688,White,Male
3422,White,Female
3530,White,Female
1689,White,Male
1690,White,Male
3500,White,Male
1691,White,Male
1692,White,Male
1693,White,Male
1694,White,Male
1695,White,Male
1696,White,Male
1697,White,Male
1698,White,Male
12077556,White,Female
6589526,White,Female
2753,White,Female
1699,White,Male
2816,White,Male
1700,White,Male
1701,White,Male
1702,White,Male
2969,Non-White,Female
1703,White,Male
3034,White,Male
3249,White,Male
3561,White,Male
1704,Non-White,Female
1705,White,Female
1706,White,Male
1707,White,Male
1708,White,Male
1709,White,Male
3337,White,Female
1710,White,Male
1711,White,Male
1712,White,Male
1713,White,Male
1714,White,Male
1715,White,Male
1716,White,Male
2801,White,Male
1717,White,Male
2832,Non-White,Male
2885,Non-White,Female
1718,White,Male
1719,White,Male
1720,White,Female
1721,White,Male
6105366,White,Male
1722,White,Male
2766,White,Male
1723,White,Male
12912496,White,Male
1724,White,Male
1725,White,Male
3180,White,Male
1726,White,Male
1727,White,Male
1728,White,Male
1729,White,Male
1730,White,Male
1731,White,Male
3208,White,Male
1733,White,Male
7470666,Non-White,Male
3361,White,Female
10931806,White,Male
10931811,Non-White,Female
4625006,Non-White,Male
1734,White,Male
2696,White,Male
12880961,White,Female
7330456,White,Male
3393,White,Female
3255,Non-White,Female
1735,White,Male
1736,White,Male
10226111,Non-White,Male
1737,White,Male
1738,White,Male
3154,White,Female
1739,White,Male
3094,White,Female
13263786,Non-White,Female
1740,White,Male
1741,Non-White,Male
1742,White,Female
1743,White,Male
1744,White,Male
5373051,White,Male
1745,White,Male
3339,White,Female
1746,White,Male
1747,White,Male
1748,Non-White,Female
1749,White,Male
1750,White,Male
1751,White,Male
1752,White,Male
1753,White,Male
1754,White,Male
3209,White,Male
1755,White,Male
9084011,White,Male
1756,White,Female
1757,White,Male
3267886,White,Male
3227,Non-White,Female
1758,White,Male
6489111,White,Male
1759,White,Male
1760,White,Male
1761,White,Male
1762,White,Male
1763,White,Male
1764,White,Male
1765,White,Male
6489101,White,Male
1766,White,Male
1767,White,Female
1768,White,Male
1769,White,Male
1771,White,Male
1770,White,Male
1772,White,Male
1773,White,Male
1774,White,Male
1775,White,Male
1776,White,Male
1777,White,Male
1778,White,Male
1779,White,Male
5019301,White,Female
1780,White,Male
1781,White,Male
5374071,White,Male
1782,White,Male
1783,White,Male
1784,White,Male
1785,White,Male
3276,White,Male
1786,White,Male
7224376,White,Male
1787,White,Male
1788,White,Male
3418,White,Male
1789,White,Male
3466,Non-White,Male
3015971,White,Male
1790,White,Male
1791,White,Male
1792,White,Male
2937,White,Male
3331,White,Male
3468,White,Female
1793,White,Male
1794,White,Male
1795,White,Male
3165,White,Male
1796,White,Female
1797,White,Male
1798,White,Male
3151,White,Male
10894766,White,Female
1799,White,Male
1800,White,Female
1801,White,Male
3135,White,Male
1802,White,Male
1803,White,Male
1804,White,Male
1805,White,Male
1806,White,Male
1808,White,Male
3379,White,Male
1809,White,Male
11225621,Non-White,Female
4947641,White,Male
3454,Non-White,Male
1810,White,Male
1811,White,Male
1812,Non-White,Male
3311,White,Male
3591,Non-White,Male
1813,White,Male
1814,White,Male
1815,White,Male
3474,White,Male
1816,White,Male
3156,White,Male
1817,White,Male
5019306,Non-White,Female
2988,Non-White,Male
1818,White,Male
1819,White,Male
1820,White,Male
3520,White,Male
1821,White,Male
3145,White,Male
1822,White,Male
6840716,Non-White,Female
12007536,Non-White,Female
1823,White,Male
1824,Non-White,Male
1825,White,Male
1826,White,Male
1827,White,Male
3951691,White,Male
2802,White,Female
1828,White,Male
10761211,Non-White,Female
2844,White,Male
1829,White,Male
3573,White,Male
1830,White,Male
6420566,Non-White,Male
1832,White,Male
1834,Non-White,Male
1833,Non-White,Male
1835,White,Male
1836,White,Male
1837,White,Male
1838,White,Male
1839,White,Male
3515,Non-White,Female
1840,White,Male
4028131,White,Male
1841,White,Male
1842,White,Male
1843,White,Male
3590,White,Female
1844,Non-White,Male
1845,White,Male
1846,White,Female
1847,White,Male
1848,White,Male
1849,White,Male
1850,White,Male
1851,White,Male
1852,White,Male
1853,White,Male
2803,White,Male
1854,White,Male
2897,White,Male
1855,White,Male
3347,Non-White,Female
2833,White,Female
3263,White,Male
1856,White,Male
1857,White,Male
1858,White,Male
1859,White,Male
1860,White,Male
3275,White,Male
1861,White,Male
1862,White,Male
1863,White,Male
1864,White,Male
1865,Non-White,Male
1866,White,Male
1867,White,Male
3566,White,Female
2824,White,Male
12912486,Non-White,Female
10924786,Non-White,Female
1868,Non-White,Male
1869,White,Female
1870,White,Male
1871,Non-White,Male
1872,Non-White,Male
1873,White,Male
1874,White,Male
3532,White,Male
3230,White,Female
1875,White,Male
1876,White,Female
1877,White,Male
3484,White,Male
1878,White,Male
1879,White,Male
1880,White,Male
3414,White,Female
1881,White,Male
2967,White,Male
2847,White,Female
5374591,White,Male
1882,White,Male
1883,White,Male
1884,White,Male
1885,White,Male
1886,Non-White,Male
1887,Non-White,Male
1888,White,Male
3497,White,Female
1889,White,Male
2851,White,Male
7465646,White,Female
1890,White,Male
3586,White,Male
1891,White,Male
6840196,White,Male
1892,White,Male
1893,White,Male
1894,White,Male
1895,White,Male
1896,White,Male
1897,White,Male
1898,White,Male
3210,White,Male
1900,White,Male
1901,White,Male
1902,White,Male
1903,White,Male
1904,White,Male
1905,White,Male
1906,White,Male
1907,White,Male
2785,White,Male
1908,White,Male
1909,Non-White,Male
1910,White,Female
1911,White,Male
1912,White,Male
1913,White,Male
1914,White,Male
1915,White,Male
1916,White,Male
1917,White,Male
5373046,White,Male
1918,White,Male
1919,White,Male
1920,White,Male
1921,White,Male
1922,White,Male
1923,White,Male
1924,White,Male
1925,White,Male
1926,White,Male
1927,White,Male
1928,Non-White,Male
1929,White,Male
1930,White,Male
1931,White,Male
2744,White,Male
3282,Non-White,Female
3061,White,Female
1932,White,Male
1933,White,Male
1934,White,Male
1935,White,Male
1936,White,Female
2878,White,Male
1937,White,Male
1938,White,Male
1939,White,Male
1940,White,Male
1941,White,Male
1942,White,Male
1943,White,Male
3025,White,Male
1944,White,Male
2892,White,Female
12905966,Non-White,Female
3560,White,Female
3050,White,Male
6840711,Non-White,Male
1945,White,Male
1946,White,Male
1947,White,Male
1948,White,Male
1949,White,Male
1950,White,Male
2982,Non-White,Male
4263096,White,Male
3480,Non-White,Female
1951,White,Male
10236621,Non-White,Male
2697,White,Male
1952,White,Male
1953,White,Male
1954,White,Female
1955,White,Male
1956,White,Male
1957,White,Male
1958,White,Female
1959,Non-White,Male
3405,Non-White,Male
3383,Non-White,Female
1960,White,Male
1961,White,Male
1962,White,Male
1964,White,Male
1965,White,Male
6731086,Non-White,Male
6135386,Non-White,Female
3211,White,Male
1967,White,Male
8299341,White,Male
2767,Non-White,Female
1968,White,Male
5373556,White,Male
3538,White,Male
1969,White,Male
1970,White,Male
3212,White,Male
1972,White,Male
2968,White,Female
6103361,White,Male
2886,White,Male
1973,Non-White,Male
12537146,White,Female
1974,White,Male
1975,White,Male
1976,White,Male
1977,White,Male
1978,White,Male
1979,White,Male
1980,White,Male
1981,White,Male
1982,White,Male
1983,White,Male
1984,White,Male
1985,White,Male
3346,Non-White,Male
2907,White,Male
3508,White,Female
1986,White,Male
1987,White,Male
1988,White,Male
3157,White,Male
6841731,White,Male
1989,White,Male
1990,White,Male
3226,White,Female
1991,White,Male
1992,White,Female
1993,White,Male
1994,White,Male
3213,White,Female
3482,Non-White,Male
1996,White,Male
13263791,Non-White,Female
3366,Non-White,Male
1997,White,Male
1998,White,Male
1999,White,Male
2000,White,Male
3415,White,Male
2001,White,Male
2002,White,Male
2003,White,Male
5374576,White,Male
5090921,White,Male
3214,Non-White,Male
3277,White,Male
2004,White,Male
2005,White,Female
3087,White,Female
2006,White,Male
2007,White,Male
2008,White,Male
3215,White,Female
2009,White,Male
7545461,White,Female
2010,White,Male
2011,White,Male
2891,White,Male
2012,White,Male
2013,White,Male
2014,White,Male
2015,White,Male
2016,White,Male
2017,White,Male
2018,White,Male
2019,White,Male
2020,White,Male
3065,White,Male
2021,White,Male
2022,White,Male
2711,White,Male
2023,White,Male
3001,White,Male
2024,White,Male
2777,Non-White,Male
2025,White,Male
2776,Non-White,Female
2026,White,Male
2027,White,Male
2028,Non-White,Male
10959341,White,Female
2908,Non-White,Female
2029,White,Female
2030,White,Male
2031,Non-White,Male
3028,Non-White,Male
2032,White,Female
8900351,White,Male
2033,Non-White,Male
2034,White,Male
2035,White,Male
11972521,White,Female
3043,White,Female
2036,White,Male
4733056,Non-White,Male
2037,Non-White,Male
10229116,Non-White,Female
3020,Non-White,Male
2038,White,Male
2039,White,Male
2040,White,Male
2962,White,Male
2041,Non-White,Female
2042,White,Male
2043,White,Male
3404,Non-White,Female
2044,White,Male
3473,Non-White,Male
2045,White,Male
2046,White,Male
3442,White,Female
2935,White,Male
2047,White,Male
2048,White,Male
2049,White,Male
3437,White,Female
2050,White,Male
3557,White,Female
2051,White,Male
2052,White,Male
3216,White,Male
3533,White,Female
2054,White,Female
2055,White,Male
2056,White,Female
2057,White,Male
3565,Non-White,Female
2058,White,Male
3385,White,Male
2059,White,Male
2060,White,Male
2061,White,Male
3607,White,Male
10749706,White,Female
2062,White,Male
2063,White,Female
2064,White,Male
2065,White,Female
2066,White,Female
6840191,White,Female
2067,White,Female
2913,White,Male
2068,White,Male
2069,White,Male
11692381,White,Female
2070,White,Male
7330446,White,Male
2936,White,Female
11445751,Non-White,Male
6384996,Non-White,Male
2071,White,Male
6098356,White,Female
2072,White,Male
2073,White,Male
2074,White,Male
3429,Non-White,Male
2075,White,Male
2076,White,Male
2077,White,Male
2078,White,Male
2079,White,Male
2080,White,Male
2081,White,Male
2082,White,Male
2083,White,Female
2084,White,Male
2085,White,Male
2086,White,Male
3035,Non-White,Male
2087,White,Male
2774,White,Male
2088,White,Male
2089,White,Male
3377,Non-White,Female
3354,Non-White,Female
2090,White,Male
2091,White,Male
3158,White,Female
2092,White,Male
2093,White,Male
2094,White,Male
11345676,Non-White,Male
3068,Non-White,Male
2095,White,Male
2096,White,Male
3091,Non-White,Male
2097,Non-White,Male
2098,White,Male
3567,White,Female
2099,White,Male
2100,White,Female
2101,White,Male
2102,White,Male
2103,White,Male
2104,White,Male
2947,White,Male
2105,White,Male
2106,White,Male
3055,White,Male
2107,White,Male
2108,White,Male
3258,White,Male
2109,White,Male
8894336,White,Male
2110,White,Male
2111,White,Male
2112,White,Female
2113,White,Male
7815631,White,Male
3071,White,Male
2868,White,Male
3109,White,Male
2114,White,Male
3481,White,Male
2115,White,Male
2116,White,Male
3078,White,Male
3451,Non-White,Female
2117,White,Male
4268601,Non-White,Female
2118,White,Male
2825,White,Female
2119,White,Female
3587,White,Male
3168,White,Male
2959,White,Male
2120,White,Male
2121,White,Male
2122,White,Male
2123,White,Male
2124,White,Male
2125,White,Male
2126,White,Male
2127,White,Male
2128,White,Male
3257,White,Male
3399,White,Male
2129,White,Male
2130,White,Male
2804,White,Female
12912491,Non-White,Female
2131,White,Male
2132,White,Male
3189,Non-White,Female
4622996,White,Male
2133,White,Male
3084,White,Male
2134,White,Male
2135,White,Male
2136,White,Male
2137,Non-White,Male
2138,White,Male
3229,White,Male
7049771,White,Male
3185,White,Female
2139,White,Male
2810,White,Female
4268606,White,Male
2992,White,Male
2140,White,Male
2141,White,Male
2143,White,Male
2144,White,Male
2145,White,Male
2146,White,Male
2147,White,Male
3148,White,Male
2148,White,Male
2149,White,Male
2150,White,Male
2151,White,Female
2152,White,Male
2805,Non-White,Female
2153,White,Female
2154,White,Male
3359,White,Male
2155,White,Male
3527,Non-White,Male
2156,White,Male
2157,White,Male
2158,White,Male
2159,White,Female
2160,White,Male
2161,White,Male
3370,White,Male
2162,White,Male
3048,White,Male
2163,Non-White,Male
2164,White,Male
2165,White,Male
2166,White,Male
2760,White,Male
3446,White,Male
2167,White,Male
2168,White,Male
2169,White,Male
2170,White,Male
3444,White,Male
2171,White,Male
2172,White,Male
3127,White,Male
2173,White,Male
2174,White,Male
2175,White,Male
2176,White,Male
3120,White,Male
2177,White,Male
2178,White,Male
2179,White,Male
2180,White,Male
3440,Non-White,Male
2181,White,Male
2182,White,Male
2183,White,Male
2184,White,Male
2185,White,Male
3467,White,Female
2186,White,Male
2187,White,Male
2188,White,Male
2189,White,Male
2190,White,Male
11695896,Non-White,Female
1681,White,Female
2752,White,Male
2191,White,Male
2192,Non-White,Male
3378,White,Male
2993,White,Male
2193,White,Male
2194,White,Male
2195,White,Male
2196,White,Male
2197,White,Male
7465641,White,Male
2873,White,Male
7543926,Non-White,Male
2198,White,Male
2199,White,Male
3250,White,Male
2745,White,Male
2746,White,Male
2200,White,Male
2201,White,Male
3401,White,Male
2702,White,Male
2202,White,Male
2203,White,Male
2204,White,Male
2205,White,Male
11662366,Non-White,Male
2772,Non-White,Male
2206,White,Male
2759,White,Male
2207,White,Male
3194,White,Male
2208,White,Female
2209,White,Male
2210,White,Male
3332,White,Male
2212,White,Male
2211,White,Male
2213,White,Male
3519,White,Male
2214,White,Male
2215,White,Female
2216,White,Male
2217,White,Male
3333,White,Male
2218,White,Male
2219,White,Male
2220,White,Male
2221,White,Male
2948,Non-White,Male
3113,White,Male
3137,White,Male
2222,White,Male
2223,White,Male
2224,White,Male
2225,White,Female
6595041,Non-White,Male
2226,White,Male
2227,White,Male
2228,White,Male
2229,White,Male
2230,White,Male
2972,White,Male
2231,White,Male
2232,White,Male
2895,White,Female
3093,White,Male
2233,White,Male
2234,White,Male
2235,White,Male
3182,White,Male
2747,White,Female
2236,White,Male
2237,White,Male
2238,White,Male
2239,Non-White,Male
2240,White,Male
2241,White,Male
2242,White,Male
3545,White,Male
3539,Non-White,Male
2243,Non-White,Female
2244,White,Male
3163,White,Male
2245,White,Male
2246,White,Male
2247,White,Male
2248,White,Male
2249,White,Male
2250,White,Male
2251,White,Male
2252,White,Male
2253,Non-White,Male
2254,White,Male
2255,White,Male
2256,White,Male
2257,White,Male
3007,White,Female
2258,White,Male
2259,White,Male
2260,White,Male
3477,Non-White,Male
2957,White,Female
2261,White,Male
2262,White,Male
2263,White,Male
2264,White,Male
2265,White,Male
2266,White,Male
2267,White,Male
2268,White,Male
2269,White,Male
2270,White,Male
3217,White,Male
2271,White,Male
2272,White,Male
2273,White,Male
2274,White,Male
2275,White,Male
3291,White,Male
6840706,White,Male
2276,White,Male
2277,White,Male
3081,White,Male
3286,White,Female
2278,White,Male
2279,White,Male
2771,White,Male
2280,White,Male
2879,White,Male
2986,White,Male
2281,White,Male
2282,White,Male
3063,White,Male
2283,White,Male
2284,White,Male
2285,White,Male
2286,White,Male
2287,White,Male
2288,White,Male
2289,White,Male
2290,White,Male
2291,White,Male
2837,White,Male
2292,Non-White,Male
2293,White,Male
2294,White,Male
2295,White,Male
6840721,White,Male
2296,White,Male
3575,White,Male
2297,White,Male
2298,White,Male
3592,Non-White,Female
2299,White,Male
2300,White,Male
2301,White,Male
2302,White,Male
2749,White,Male
2303,White,Male
2304,White,Female
3294,White,Female
3602,White,Male
2305,White,Male
4097796,White,Male
2778,White,Male
10376616,White,Female
2306,White,Male
2307,White,Male
2308,White,Male
2309,White,Male
3186,White,Male
2310,White,Male
2311,White,Male
3014,White,Male
2312,Non-White,Male
2313,White,Male
3324,White,Male
2314,White,Male
2315,White,Male
3149,White,Male
5197996,White,Male
11201336,Non-White,Female
2869,White,Male
2316,White,Male
2317,White,Male
3010,White,Male
2318,White,Male
2883,Non-White,Female
2319,White,Male
2320,White,Male
2321,White,Male
2322,White,Male
12007541,White,Female
2323,White,Male
5153451,White,Male
2324,White,Male
2325,White,Male
2698,White,Male
2326,White,Male
2327,White,Male
2328,White,Male
3074,White,Female
11976531,Non-White,Female
2329,White,Male
2330,White,Female
2331,White,Male
2755,Non-White,Female
2332,White,Male
2333,Non-White,Male
2334,White,Male
2870,White,Male
3531,Non-White,Female
2335,White,Male
2336,White,Male
2337,Non-White,Male
2338,Non-White,Male
2712,White,Male
3462,White,Male
2773,White,Male
2339,Non-White,Male
2340,White,Male
2341,White,Male
2342,White,Male
2343,White,Male
2344,White,Male
2345,Non-White,Female
2346,White,Male
2347,White,Male
2699,White,Male
2348,White,Male
2349,White,Male
2350,White,Male
5019311,White,Female
2351,White,Male
2887,White,Male
2352,White,Male
2353,White,Male
2354,White,Male
2355,White,Male
2356,White,Male
2357,White,Male
2358,White,Male
3423,White,Female
3166,Non-White,Male
3430,White,Male
2359,White,Male
2360,White,Male
2361,White,Male
2362,Non-White,Male
2363,White,Male
2364,White,Male
2365,White,Male
11386196,Non-White,Female
2366,White,Male
2367,White,Male
2368,White,Male
2369,White,Male
2370,White,Male
2371,Non-White,Male
2372,Non-White,Female
2373,White,Male
2374,White,Male
2375,White,Male
2376,White,Male
2377,Non-White,Male
3233,Non-White,Female
2378,White,Male
2379,White,Male
2380,White,Male
11976526,Non-White,Female
2381,White,Male
2382,White,Male
2383,White,Male
2384,White,Male
2385,White,Male
2748,White,Male
2819,White,Male
11226651,White,Female
2386,White,Male
3457,White,Male
2387,White,Male
2388,White,Male
2779,White,Male
2389,White,Male
2390,White,Male
2391,White,Male
2392,White,Male
8377921,White,Male
3046,White,Male
2393,White,Male
2394,White,Male
2395,White,Male
2396,Non-White,Male
2397,White,Male
2398,White,Male
3469,Non-White,Female
2399,White,Male
3390,White,Female
2400,Non-White,Male
5198501,White,Male
3357,White,Female
2401,White,Male
3056,Non-White,Female
2402,White,Male
2403,White,Male
2404,White,Male
2806,White,Female
11696401,White,Female
2405,White,Male
2406,White,Male
7544351,White,Male
3285,White,Male
2407,White,Male
2408,White,Male
2409,White,Male
3196,White,Male
2410,White,Male
2411,White,Male
2412,White,Male
2413,White,Male
2414,White,Male
2415,White,Male
2416,White,Male
2417,White,Male
2418,White,Male
6445071,White,Male
3218,White,Male
3535,White,Male
2871,Non-White,Female
2420,White,Male
2421,White,Male
2422,White,Male
2423,White,Male
2424,White,Male
2425,White,Male
2426,White,Male
2427,White,Male
2428,White,Male
2429,White,Male
2991,White,Male
2786,Non-White,Male
2826,White,Male
2430,White,Male
2431,White,Male
2432,White,Male
2433,White,Female
2434,White,Male
3374,White,Male
2435,Non-White,Male
2436,White,Male
11226126,Non-White,Male
9215661,White,Male
8905366,Non-White,Male
2437,White,Male
3150,White,Male
2440,White,Male
2441,White,Male
2442,White,Male
2443,White,Male
2444,White,Male
2445,White,Male
2446,White,Male
2447,White,Male
2448,White,Male
2449,White,Male
3100,White,Male
2450,White,Male
2438,White,Male
2451,White,Male
2439,White,Male
2452,White,Male
2453,White,Female
7504281,White,Male
2984,White,Male
2454,White,Male
2455,White,Male
3600,Non-White,Male
2456,Non-White,Female
2457,White,Male
2458,Non-White,Male
12880456,Non-White,Female
2459,White,Male
2460,White,Male
3221,White,Male
3596,White,Male
2461,White,Male
2462,White,Male
2463,White,Male
3099,White,Male
6455091,White,Female
2464,White,Male
7223871,White,Male
2465,White,Male
2466,White,Male
2467,White,Male
2468,White,Male
2469,White,Female
2470,White,Male
7545456,White,Female
2471,White,Male
3187,White,Male
2472,Non-White,Male
2473,White,Male
3328,White,Male
2474,White,Male
3052,White,Male
2475,White,Female
2476,White,Male
2477,White,Male
2478,White,Male
2479,White,Male
2480,White,Male
7263221,White,Male
5375111,White,Male
3447,White,Male
2481,White,Male
2482,White,Male
3326,White,Male
2483,White,Male
2484,White,Male
2485,White,Male
2486,White,Male
3219,White,Male
2488,White,Male
2489,Non-White,Male
2490,White,Male
2491,White,Male
2492,White,Male
2493,White,Male
2938,White,Male
2893,Non-White,Male
12281596,Non-White,Female
2494,White,Male
2495,White,Male
2496,White,Male
2497,White,Male
2498,White,Male
2499,Non-White,Male
2500,White,Male
2829,White,Male
2501,Non-White,Female
2502,White,Male
2503,Non-White,Male
2504,White,Male
2505,White,Male
2506,White,Male
2507,White,Male
2508,White,Male
2509,White,Male
2510,White,Male
2511,White,Male
2512,White,Male
2513,White,Male
2514,White,Male
3431,Non-White,Male
2515,White,Male
2516,White,Male
2517,White,Male
3101,White,Male
2518,White,Male
2519,White,Male
3470,Non-White,Male
3220,Non-White,Male
3079,White,Male
3501,White,Female
2521,White,Male
2522,White,Male
2523,White,Male
2524,White,Male
2525,White,Male
2526,White,Male
2527,White,Male
2528,White,Male
2529,White,Male
2530,White,Male
2531,White,Male
2532,White,Male
2533,White,Male
2534,White,Male
2535,White,Male
2536,White,Male
2537,White,Male
2538,White,Female
2539,White,Male
2540,White,Male
3251,White,Male
2541,White,Male
2542,White,Male
3314,White,Male
2543,White,Male
2544,White,Female
2545,White,Male
2546,White,Male
2547,White,Male
6831146,White,Male
2548,White,Male
2549,White,Male
3006,White,Male
2550,White,Male
2551,White,Male
2552,White,Male
2553,White,Male
2554,White,Male
2555,White,Male
2556,White,Male
6731081,White,Male
2557,White,Male
3273,White,Male
2558,White,Male
2559,White,Male
2560,White,Male
2561,White,Male
2562,White,Male
2807,White,Male
2563,White,Male
2564,White,Male
3252,White,Male
2565,White,Male
2566,White,Male
2567,White,Male
2568,Non-White,Male
3178,White,Female
2973,White,Male
3038,White,Male
3555,Non-White,Male
2695,White,Male
2569,White,Male
3123,White,Male
2570,White,Male
2571,White,Male
2872,White,Male
2572,White,Male
2573,White,Female
2574,White,Male
8865281,White,Female
2575,White,Male
4733051,White,Male
3115,Non-White,Female
2576,White,Male
2577,White,Male
2578,White,Male
2579,White,Female
2580,White,Male
2581,White,Male
2582,White,Male
2583,White,Male
3350,Non-White,Male
2584,White,Male
2585,White,Male
2586,White,Male
2587,White,Male
2588,White,Male
2589,White,Male
4025356,White,Male
2590,Non-White,Male
2591,Non-White,Female
2592,White,Male
2593,White,Male
5197991,White,Male
2594,Non-White,Male
2595,White,Male
12287106,Non-White,Male
2596,White,Male
2597,White,Male
2598,White,Female
10929796,Non-White,Female
3384,White,Female
10935831,Non-White,Male
2599,White,Male
2600,White,Male
2601,White,Male
2602,White,Male
2603,White,Male
3253,White,Male
2604,White,Male
2605,White,Male
3261,White,Male
2612,White,Male
2830,Non-White,Male
8479971,White,Male
3315,White,Male
2606,White,Male
2607,White,Male
2608,White,Male
7330451,White,Female
2609,White,Male
2610,White,Male
2611,White,Male
3424,Non-White,Male
2811,White,Male
2613,White,Male
2614,White,Male
2615,White,Male
2616,Non-White,Male
2617,White,Male
2618,White,Male
2619,White,Male
6631561,White,Male
2620,White,Male
2621,White,Male
2622,White,Male
2623,White,Male
2624,White,Male
2625,White,Male
2627,White,Male
2628,White,Male
2629,White,Male
3498,White,Female
2979,White,Female
2630,White,Male
2631,White,Male
2632,White,Male
2633,White,Male
6385006,White,Male
2634,White,Male
2635,Non-White,Male
3492,Non-White,Female
2636,White,Female
2637,White,Male
2638,White,Male
2639,White,Male
2640,White,Female
3131,White,Female
2641,White,Male
2642,White,Male
3009,White,Male
2643,White,Male
2644,White,Male
2645,White,Male
2646,White,Male
2647,White,Male
3494,Non-White,Male
2648,White,Male
2649,White,Male
2650,White,Male
2651,White,Male
2652,White,Male
2653,White,Male
2654,White,Male
2655,White,Male
2906,White,Male
3334,White,Male
2656,White,Male
2657,White,Male
2658,White,Male
2659,White,Male
2660,White,Male
2661,White,Male
3142,Non-White,Male
2663,White,Male
2664,White,Female
3599,Non-White,Female
3143,Non-White,Male
2665,White,Male
2666,White,Male
2667,White,Male
2668,White,Male
3293,Non-White,Male
6273451,White,Male
2669,White,Male
3604,White,Female
3548,Non-White,Female
2670,White,Male
3017,White,Male
2671,White,Male
2672,White,Male
2673,White,Male
2674,White,Male
3316,White,Male
2675,White,Male
2676,White,Male
2677,White,Male
2754,White,Male
8943911,Non-White,Male
2678,White,Male
2679,White,Male
6839686,Non-White,Male
2680,White,Male
2918,White,Male
2681,White,Male
2682,Non-White,Male
2683,White,Male
2684,White,Male
2685,White,Male
2686,White,Male
3391,White,Female
2687,White,Male
2688,White,Male
2690,White,Female
3106,White,Male
